name,weight,height,ratio
dau,56,160,0.35
tam,54,160,0.3375
tinh,58,158,0.367088608
minh,63,170,0.370588235
